{"stats":{"minecraft:used":{"siren_head:siren_head_spawn_egg":1},"minecraft:custom":{"minecraft:jump":28,"minecraft:time_since_rest":2961,"minecraft:damage_dealt":50,"minecraft:crouch_one_cm":13789,"minecraft:deaths":1,"minecraft:play_time":11361,"minecraft:damage_taken":240,"minecraft:time_since_death":2929,"minecraft:walk_one_cm":29018,"minecraft:sneak_time":1677,"minecraft:total_world_time":11361,"minecraft:mob_kills":1,"minecraft:drop":1,"minecraft:fly_one_cm":3773},"minecraft:dropped":{"siren_head:siren_head_spawn_egg":1}},"DataVersion":3120}