{"stats":{"minecraft:used":{"siren_head:siren_head_spawn_egg":1},"minecraft:custom":{"minecraft:jump":66,"minecraft:time_since_rest":4776,"minecraft:leave_game":1,"minecraft:damage_dealt":50,"minecraft:crouch_one_cm":16461,"minecraft:deaths":1,"minecraft:play_time":13176,"minecraft:damage_taken":240,"minecraft:time_since_death":4744,"minecraft:walk_one_cm":47790,"minecraft:sneak_time":1862,"minecraft:total_world_time":13176,"minecraft:mob_kills":1,"minecraft:drop":1,"minecraft:fly_one_cm":8774},"minecraft:dropped":{"siren_head:siren_head_spawn_egg":1}},"DataVersion":3120}