{"stats":{"minecraft:used":{"minecraft:dirt":2},"minecraft:picked_up":{"minecraft:dirt":2},"minecraft:custom":{"minecraft:jump":16,"minecraft:time_since_rest":5667,"minecraft:damage_dealt":50,"minecraft:crouch_one_cm":8528,"minecraft:sprint_one_cm":5852,"minecraft:play_time":5667,"minecraft:damage_taken":10,"minecraft:time_since_death":5667,"minecraft:walk_one_cm":15278,"minecraft:sneak_time":1317,"minecraft:total_world_time":5667,"minecraft:player_kills":2,"minecraft:fall_one_cm":211,"minecraft:fly_one_cm":2493},"minecraft:mined":{"minecraft:grass_block":17,"minecraft:moss_block":3}},"DataVersion":3120}