{"stats":{"minecraft:used":{"minecraft:moss_block":5,"minecraft:mud":4,"minecraft:dirt":67},"minecraft:picked_up":{"minecraft:mud":4,"minecraft:oak_log":3,"minecraft:moss_block":5,"minecraft:dirt":22},"minecraft:custom":{"minecraft:time_since_rest":2635,"minecraft:open_chest":4,"minecraft:deaths":1,"minecraft:crouch_one_cm":24306,"minecraft:play_time":17667,"minecraft:sprint_one_cm":28340,"minecraft:damage_taken":220,"minecraft:walk_one_cm":30728,"minecraft:sneak_time":3936,"minecraft:jump":194,"minecraft:damage_dealt":60,"minecraft:time_since_death":2607,"minecraft:total_world_time":17667,"minecraft:talked_to_villager":2,"minecraft:fall_one_cm":5436,"minecraft:fly_one_cm":39271,"minecraft:player_kills":3},"minecraft:mined":{"minecraft:grass_block":38,"minecraft:oak_log":3,"minecraft:mud":4,"minecraft:dirt":7,"minecraft:spruce_leaves":3,"minecraft:moss_block":11,"minecraft:oak_leaves":2}},"DataVersion":3120}