{"stats":{"minecraft:killed_by":{"minecraft:player":2},"minecraft:used":{"minecraft:moss_block":32,"minecraft:wooden_axe":18,"minecraft:dirt":36,"minecraft:crafting_table":1,"minecraft:chest":2,"minecraft:mud":4,"minecraft:wooden_shovel":59},"minecraft:picked_up":{"minecraft:oak_log":33,"minecraft:moss_block":29,"minecraft:dirt":79,"minecraft:mud":2},"minecraft:broken":{"minecraft:wooden_shovel":1},"minecraft:custom":{"minecraft:sprint_one_cm":7616,"minecraft:open_chest":6,"minecraft:time_since_rest":1886,"minecraft:crouch_one_cm":45657,"minecraft:walk_one_cm":70389,"minecraft:play_time":17699,"minecraft:damage_taken":955,"minecraft:deaths":4,"minecraft:sneak_time":4805,"minecraft:jump":70,"minecraft:damage_dealt":18,"minecraft:time_since_death":1859,"minecraft:total_world_time":17699,"minecraft:talked_to_villager":1,"minecraft:interact_with_crafting_table":5,"minecraft:fly_one_cm":12745,"minecraft:player_kills":1},"minecraft:crafted":{"minecraft:chest":2,"minecraft:oak_planks":40,"minecraft:wooden_shovel":1,"minecraft:crafting_table":1,"minecraft:stick":8,"minecraft:wooden_axe":1},"minecraft:mined":{"minecraft:grass_block":65,"minecraft:oak_log":33,"minecraft:dirt_path":1,"minecraft:mud":2,"minecraft:dirt":22,"minecraft:spruce_leaves":7,"minecraft:moss_block":28,"minecraft:oak_leaves":3}},"DataVersion":3120}