{"stats":{"minecraft:killed_by":{"minecraft:player":1},"minecraft:used":{"minecraft:moss_block":4,"minecraft:dirt":4},"minecraft:picked_up":{"minecraft:oak_log":3,"minecraft:moss_block":6,"minecraft:dirt":19},"minecraft:custom":{"minecraft:jump":2,"minecraft:damage_dealt":18,"minecraft:time_since_rest":5131,"minecraft:crouch_one_cm":16609,"minecraft:deaths":2,"minecraft:play_time":5699,"minecraft:damage_taken":490,"minecraft:time_since_death":5104,"minecraft:walk_one_cm":24082,"minecraft:sneak_time":1442,"minecraft:total_world_time":5699,"minecraft:player_kills":1,"minecraft:fly_one_cm":330},"minecraft:mined":{"minecraft:oak_log":5,"minecraft:grass_block":20,"minecraft:moss_block":4,"minecraft:dirt":4}},"DataVersion":3120}