{"stats":{"minecraft:killed_by":{"minecraft:player":1},"minecraft:used":{"minecraft:moss_block":2,"minecraft:mud":4,"minecraft:dirt":31},"minecraft:picked_up":{"minecraft:mud":6,"minecraft:oak_log":5,"minecraft:moss_block":5,"minecraft:dirt":34},"minecraft:custom":{"minecraft:open_chest":3,"minecraft:time_since_rest":16466,"minecraft:crouch_one_cm":19110,"minecraft:play_time":17222,"minecraft:sprint_one_cm":19179,"minecraft:deaths":2,"minecraft:damage_taken":510,"minecraft:walk_one_cm":26764,"minecraft:sneak_time":3950,"minecraft:jump":70,"minecraft:damage_dealt":35,"minecraft:leave_game":1,"minecraft:time_since_death":16425,"minecraft:total_world_time":17222,"minecraft:fall_one_cm":627,"minecraft:talked_to_villager":3,"minecraft:fly_one_cm":16504,"minecraft:player_kills":2},"minecraft:crafted":{"minecraft:oak_planks":8},"minecraft:mined":{"minecraft:oak_log":4,"minecraft:grass_block":18,"minecraft:mud":6,"minecraft:dirt":1,"minecraft:spruce_leaves":4,"minecraft:moss_block":5,"minecraft:oak_leaves":1}},"DataVersion":3120}