{"stats":{"minecraft:used":{"minecraft:dirt":18},"minecraft:killed_by":{"minecraft:player":1},"minecraft:picked_up":{"minecraft:oak_log":2,"minecraft:moss_block":1,"minecraft:dirt":24},"minecraft:custom":{"minecraft:jump":2,"minecraft:time_since_rest":4655,"minecraft:leave_game":1,"minecraft:damage_dealt":10,"minecraft:crouch_one_cm":4714,"minecraft:walk_one_cm":3020,"minecraft:play_time":5411,"minecraft:damage_taken":510,"minecraft:time_since_death":4614,"minecraft:deaths":2,"minecraft:sneak_time":1030,"minecraft:total_world_time":5411,"minecraft:player_kills":1,"minecraft:fly_one_cm":218},"minecraft:mined":{"minecraft:grass_block":8}},"DataVersion":3120}