{"stats":{"minecraft:used":{"minecraft:dirt":1},"minecraft:killed_by":{"minecraft:player":3},"minecraft:picked_up":{"minecraft:mud":1,"minecraft:oak_log":1,"minecraft:dirt":2},"minecraft:custom":{"minecraft:jump":9,"minecraft:open_chest":2,"minecraft:time_since_rest":347,"minecraft:crouch_one_cm":4576,"minecraft:deaths":4,"minecraft:play_time":14921,"minecraft:damage_taken":1008,"minecraft:time_since_death":303,"minecraft:walk_one_cm":19089,"minecraft:sneak_time":814,"minecraft:total_world_time":14921,"minecraft:interact_with_crafting_table":1,"minecraft:fly_one_cm":1328,"minecraft:sprint_one_cm":480},"minecraft:mined":{"minecraft:grass_block":1,"minecraft:oak_log":2,"minecraft:moss_block":1,"minecraft:mud":2}},"DataVersion":3120}